Country Name,Country Code,Indicator Name,Indicator Code,1960,1961,1962,1963,1964,1965,1966,1967,1968,1969,1970,1971,1972,1973,1974,1975,1976,1977,1978,1979,1980,1981,1982,1983,1984,1985,1986,1987,1988,1989,1990,1991,1992,1993,1994,1995,1996,1997,1998,1999,2000,2001,2002,2003,2004,2005,2006,2007,2008,2009,2010,2011,2012,2013,2014,2015,2016,2017,2018,2019,2020,2021
Africa Eastern and Southern,AFE,Access to clean fuels and technologies for cooking (% of population),EG.CFT.ACCS.ZS,,,,,,,,,,,,,,,,,,,,,,,,,,,,,,,,,,,,,,,,,11.43535112,11.80570646,12.16750247,12.53389347,12.91677816,13.35103482,13.86580367,14.34865772,14.76435164,15.2261594,15.62597781,16.12848493,16.55981932,16.93600371,17.33789613,17.6870925,18.14097079,18.49134389,18.82552047,19.27221154,19.62800863,
Africa Eastern and Southern,AFE,"Access to clean fuels and technologies for cooking, rural (% of rural population)",EG.CFT.ACCS.RU.ZS,,,,,,,,,,,,,,,,,,,,,,,,,,,,,,,,,,,,,,,,,3.500036882,3.692771453,3.846866595,4.071761377,4.31426457,4.53756334,4.826155044,5.042362839,5.312540717,5.542820099,5.808091129,6.058949963,6.281666816,6.499470865,6.680065977,6.859110154,7.01623816,7.180363901,7.322293967,7.517191486,7.651598186,
Africa Eastern and Southern,AFE,"Access to clean fuels and technologies for cooking, urban (% of urban population)",EG.CFT.ACCS.UR.ZS,,,,,,,,,,,,,,,,,,,,,,,,,,,,,,,,,,,,,,,,,32.33019627,32.6980022,33.14528191,33.67683799,34.19808961,34.72160914,35.19974104,35.85423815,36.2422777,36.71707615,37.01569512,37.32956072,37.60181617,37.85539856,38.04678124,38.32625528,38.4684263,38.67004362,38.72278257,38.92701604,39.04283895,
Africa Eastern and Southern,AFE,Access to electricity (% of population),EG.ELC.ACCS.ZS,,,,,,,,,,,,,,,,,,,,,,,,,,,,,,,,,,,,,,,,,19.81128305,19.90056899,21.52581195,22.47430904,23.78191837,23.48741496,24.76353792,26.76651776,25.93417948,26.1815568,27.55713714,29.08982683,31.8443844,31.79415999,32.00102678,33.87191046,38.88017322,40.2613576,43.06187695,44.27086048,45.80348523,
Africa Eastern and Southern,AFE,"Access to electricity, rural (% of rural population)",EG.ELC.ACCS.RU.ZS,,,,,,,,,,,,,,,,,,,,,,,,,,,,,,,,,,,,,,,,,8.469417741,,,9.69717148,10.91916313,10.38569599,12.42371037,12.43141247,12.88896695,15.34100195,14.5771748,16.22279425,19.40259153,18.66350164,17.63398641,16.46468079,24.53143609,25.34511115,27.44990767,29.64176045,30.40493494,
Africa Eastern and Southern,AFE,"Access to electricity, urban (% of urban population)",EG.ELC.ACCS.UR.ZS,,,,,,,,,,,,,,,,,,,,,,,,,,,,,,,,,,,,,,,,,53.56319587,53.15022415,55.3004286,56.25335406,57.02329382,58.11894773,58.68498313,60.85193154,59.00400758,61.35670093,63.2467473,66.16399799,66.94527715,67.11220628,66.28342637,67.08023452,69.13229242,70.92856716,71.86613607,73.33284204,73.94294905,
Africa Eastern and Southern,AFE,Account ownership at a financial institution or with a mobile-money-service provider (% of population ages 15+),FX.OWN.TOTL.ZS,,,,,,,,,,,,,,,,,,,,,,,,,,,,,,,,,,,,,,,,,,,,,,,,,,,,,,,,,,,,,,
Africa Eastern and Southern,AFE,"Account ownership at a financial institution or with a mobile-money-service provider, female (% of population ages 15+)",FX.OWN.TOTL.FE.ZS,,,,,,,,,,,,,,,,,,,,,,,,,,,,,,,,,,,,,,,,,,,,,,,,,,,,,,,,,,,,,,
Africa Eastern and Southern,AFE,"Account ownership at a financial institution or with a mobile-money-service provider, male (% of population ages 15+)",FX.OWN.TOTL.MA.ZS,,,,,,,,,,,,,,,,,,,,,,,,,,,,,,,,,,,,,,,,,,,,,,,,,,,,,,,,,,,,,,
Africa Eastern and Southern,AFE,"Account ownership at a financial institution or with a mobile-money-service provider, older adults (% of population ages 25+)",FX.OWN.TOTL.OL.ZS,,,,,,,,,,,,,,,,,,,,,,,,,,,,,,,,,,,,,,,,,,,,,,,,,,,,,,,,,,,,,,
Africa Eastern and Southern,AFE,"Account ownership at a financial institution or with a mobile-money-service provider, poorest 40% (% of population ages 15+)",FX.OWN.TOTL.40.ZS,,,,,,,,,,,,,,,,,,,,,,,,,,,,,,,,,,,,,,,,,,,,,,,,,,,,,,,,,,,,,,
Africa Eastern and Southern,AFE,"Account ownership at a financial institution or with a mobile-money-service provider, primary education or less (% of population ages 15+)",FX.OWN.TOTL.PL.ZS,,,,,,,,,,,,,,,,,,,,,,,,,,,,,,,,,,,,,,,,,,,,,,,,,,,,,,,,,,,,,,
Africa Eastern and Southern,AFE,"Account ownership at a financial institution or with a mobile-money-service provider, richest 60% (% of population ages 15+)",FX.OWN.TOTL.60.ZS,,,,,,,,,,,,,,,,,,,,,,,,,,,,,,,,,,,,,,,,,,,,,,,,,,,,,,,,,,,,,,
Africa Eastern and Southern,AFE,"Account ownership at a financial institution or with a mobile-money-service provider, secondary education or more (% of population ages 15+)",FX.OWN.TOTL.SO.ZS,,,,,,,,,,,,,,,,,,,,,,,,,,,,,,,,,,,,,,,,,,,,,,,,,,,,,,,,,,,,,,
Africa Eastern and Southern,AFE,"Account ownership at a financial institution or with a mobile-money-service provider, young adults (% of population ages 15-24)",FX.OWN.TOTL.YG.ZS,,,,,,,,,,,,,,,,,,,,,,,,,,,,,,,,,,,,,,,,,,,,,,,,,,,,,,,,,,,,,,
Africa Eastern and Southern,AFE,Adequacy of social insurance programs (% of total welfare of beneficiary households),per_si_allsi.adq_pop_tot,,,,,,,,,,,,,,,,,,,,,,,,,,,,,,,,,,,,,,,,,,,,,,,,,,,,,,,,,,,,,,
Africa Eastern and Southern,AFE,Adequacy of social protection and labor programs (% of total welfare of beneficiary households),per_allsp.adq_pop_tot,,,,,,,,,,,,,,,,,,,,,,,,,,,,,,,,,,,,,,,,,,,,,,,,,,,,,,,,,,,,,,
Africa Eastern and Southern,AFE,Adequacy of social safety net programs (% of total welfare of beneficiary households),per_sa_allsa.adq_pop_tot,,,,,,,,,,,,,,,,,,,,,,,,,,,,,,,,,,,,,,,,,,,,,,,,,,,,,,,,,,,,,,
Africa Eastern and Southern,AFE,Adequacy of unemployment benefits and ALMP (% of total welfare of beneficiary households),per_lm_alllm.adq_pop_tot,,,,,,,,,,,,,,,,,,,,,,,,,,,,,,,,,,,,,,,,,,,,,,,,,,,,,,,,,,,,,,
Africa Eastern and Southern,AFE,"Adjusted net enrollment rate, primary (% of primary school age children)",SE.PRM.TENR,,,,,,,,,,,,,,,,,,,,,,,,,,,,,,,,,,,,,,,,,,,,,,,,,,,,,,,,,,,,,,
Africa Eastern and Southern,AFE,"Adjusted net enrollment rate, primary, female (% of primary school age children)",SE.PRM.TENR.FE,,,,,,,,,,,,,,,,,,,,,,,,,,,,,,,,,,,,,,,,,,,,,,,,,,,,,,,,,,,,,,
Africa Eastern and Southern,AFE,"Adjusted net enrollment rate, primary, male (% of primary school age children)",SE.PRM.TENR.MA,,,,,,,,,,,,,,,,,,,,,,,,,,,,,,,,,,,,,,,,,,,,,,,,,,,,,,,,,,,,,,
Africa Eastern and Southern,AFE,Adjusted net national income (annual % growth),NY.ADJ.NNTY.KD.ZG,,,,,,,,,,,,,,,,,,,,,,,,,,,,,,,,,,,,,,,,,,,,4.97467047,4.798926793,8.099181416,8.672526264,2.910735132,-3.12946069,6.068407744,5.370701692,5.251893615,2.718215034,4.692233335,6.113949602,6.196813716,9.693505366,-0.28765275,4.672259184,4.273643517,-4.886052585,
Africa Eastern and Southern,AFE,Adjusted net national income (constant 2015 US$),NY.ADJ.NNTY.KD,,,,,,,,,,,,,,,,,,,,,,,,,,,,,,,,,,,,,,,,,,,4.01E+11,4.21E+11,4.41E+11,4.77E+11,5.19E+11,5.34E+11,5.17E+11,5.48E+11,5.78E+11,6.08E+11,6.25E+11,6.54E+11,6.94E+11,7.37E+11,8.08E+11,8.06E+11,8.44E+11,8.80E+11,8.37E+11,
Africa Eastern and Southern,AFE,Adjusted net national income (current US$),NY.ADJ.NNTY.CD,,,,,,,,,,,,,,,,,,,,,,1.18E+11,1.11E+11,1.21E+11,1.12E+11,92710722833,1.03E+11,1.26E+11,1.37E+11,1.44E+11,1.59E+11,1.70E+11,1.75E+11,1.86E+11,1.90E+11,2.15E+11,2.17E+11,2.30E+11,2.16E+11,2.15E+11,2.31E+11,2.05E+11,2.08E+11,2.80E+11,3.48E+11,4.01E+11,4.40E+11,4.83E+11,4.85E+11,5.41E+11,6.35E+11,7.09E+11,7.23E+11,7.36E+11,7.65E+11,7.37E+11,7.11E+11,7.97E+11,8.22E+11,8.26E+11,7.39E+11,
Africa Eastern and Southern,AFE,Adjusted net national income per capita (annual % growth),NY.ADJ.NNTY.PC.KD.ZG,,,,,,,,,,,,,,,,,,,,,,,,,,,,,,,,,,,,,,,,,,,,2.285219605,2.097616538,5.292078573,5.830192788,0.202084573,-5.69458936,3.245090461,2.553146735,2.428334432,-0.043994995,1.878853316,3.273514636,3.372070945,6.796939571,-2.900504746,1.954539069,1.594924347,-7.301251265,
Africa Eastern and Southern,AFE,Adjusted net national income per capita (constant 2015 US$),NY.ADJ.NNTY.PC.KD,,,,,,,,,,,,,,,,,,,,,,,,,,,,,,,,,,,,,,,,,,,957.1078367,978.9798527,999.5150959,1052.41022,1113.767765,1116.018518,1052.465846,1086.619315,1114.3623,1141.422744,1140.920575,1162.356799,1200.406719,1240.885285,1325.227508,1286.789221,1311.940019,1332.86447,1235.548686,
Africa Eastern and Southern,AFE,Adjusted net national income per capita (current US$),NY.ADJ.NNTY.PC.CD,,,,,,,,,,,,,,,,,,,,,,505.2983431,461.8002549,485.8262159,439.5182486,352.2959859,378.5297966,453.0718909,477.0901155,485.5023845,521.5143943,541.6034102,544.494374,562.8079973,557.5580333,615.7833484,604.9166085,624.4259465,572.4472362,553.0372668,580.6077609,502.96293,495.4003609,650.4801806,788.5588374,884.5908067,944.6903099,1009.739074,986.7309384,1071.456865,1224.779015,1330.102566,1320.737527,1308.947674,1323.577516,1240.885285,1165.035544,1272.333078,1277.653603,1251.033913,1091.733665,
Africa Eastern and Southern,AFE,"Adjusted net savings, excluding particulate emission damage (% of GNI)",NY.ADJ.SVNX.GN.ZS,,,,,,,,,,,,,,,21.06304237,13.24788802,11.82590715,8.997576203,9.199332512,8.600180505,12.76903345,10.03593041,4.574681376,5.291430473,5.503993838,3.61295395,3.521304339,2.601722169,2.943180756,3.490855279,0.766804098,1.703899158,4.256652032,5.914580723,3.298943667,3.958211536,2.369536158,3.804403689,1.325880036,1.579985105,2.09357611,0.907538431,3.20644513,4.266830373,4.331349444,4.757336837,5.378132427,3.985712386,-0.32396763,2.641805645,2.747154072,1.865257366,1.563081533,1.836062143,4.210197085,4.899555165,6.137706236,7.607471087,5.275448093,6.038130716,3.329536798,
Africa Eastern and Southern,AFE,"Adjusted net savings, excluding particulate emission damage (current US$)",NY.ADJ.SVNX.CD,,,,,,,,,,,,,,,,,,,,,,,,,,,,,,,,,,,,,,,,,,,,,,,,,,,,,,,,,,,,,,
Africa Eastern and Southern,AFE,"Adjusted net savings, including particulate emission damage (% of GNI)",NY.ADJ.SVNG.GN.ZS,,,,,,,,,,,,,,,,,,,,,,,,,,,,,,,-2.441606424,-1.575501878,1.917094965,3.753193623,1.118730804,1.980020186,0.590681981,2.035582361,-0.478371757,-0.163444814,0.313552966,-0.808294117,1.518488135,2.738411186,2.927114953,3.412807231,4.071293491,2.721780239,-1.58209173,1.42702358,1.611159309,0.753886767,0.461282911,0.708622792,3.128602117,3.828290283,5.106090756,6.609999769,4.416901168,5.180043311,2.438863836,
Africa Eastern and Southern,AFE,"Adjusted net savings, including particulate emission damage (current US$)",NY.ADJ.SVNG.CD,,,,,,,,,,,,,,,,,,,,,,,,,,,,,,,,,,,,,,,,,,,,,,,,,,,,,,,,,,,,,,
Africa Eastern and Southern,AFE,Adjusted savings: carbon dioxide damage (% of GNI),NY.ADJ.DCO2.GN.ZS,,,,,,,,,,,1.641989165,1.793426509,1.805284033,1.509678233,1.374082811,1.494094372,1.666149632,1.654680457,1.656796375,1.632282119,1.433372605,1.636779755,2.019078847,2.105967921,2.578942105,3.179307665,3.029584318,2.596541086,2.580743229,2.528260915,1.819923124,1.783583266,1.977311438,1.964284799,2.019778183,1.949094763,2.112065482,2.164463139,2.441902536,2.485587777,2.450887756,3.101623883,3.245357431,2.706820408,2.430044906,2.204476061,2.117777972,2.058850268,2.14190014,2.068633036,1.909306579,1.747212719,1.882509264,1.991256851,2.092807255,2.269155432,2.482618035,2.355443265,2.387795022,2.497528458,2.66380748,
Africa Eastern and Southern,AFE,Adjusted savings: carbon dioxide damage (current US$),NY.ADJ.DCO2.CD,,,,,,,,,,,,,,,,,,,,,,,,,,,,,,,,,,,,,,,,,,,,,,,,,,,,,,,,,,,,,,
Africa Eastern and Southern,AFE,Adjusted savings: consumption of fixed capital (% of GNI),NY.ADJ.DKAP.GN.ZS,,,,,,,,,,,10.48583129,10.61285992,10.92223359,10.61430247,10.49312043,11.64300064,12.27844611,12.51530995,13.04446544,13.10734505,12.43725803,12.14625884,12.79481452,13.34191515,12.78627177,12.5466391,13.28406822,13.43925624,13.28503423,12.69093962,12.42909423,12.15895976,13.29022459,12.66425426,12.53361148,12.49738375,12.44011069,12.28167619,12.6979924,12.87667414,12.71334461,12.40267448,12.20143254,12.34598738,11.88659184,11.55703166,11.5736261,11.54313634,11.89670017,12.04517458,11.98222961,12.37633396,12.77285958,12.56924386,12.47229591,12.36079684,12.09645687,11.97465676,12.28541012,12.38889623,12.45351582,
Africa Eastern and Southern,AFE,Adjusted savings: consumption of fixed capital (current US$),NY.ADJ.DKAP.CD,,,,,,,,,,,,,,,,,,,,,,,,,,,,,,,,,,,,,,,,,,,,,,,,,,,,,,,,,,,,,,
Africa Eastern and Southern,AFE,Adjusted savings: education expenditure (% of GNI),NY.ADJ.AEDU.GN.ZS,,,,,,,,,,,4.359537248,4.388094116,4.372161241,4.401334112,4.395630174,4.412344636,4.399074339,4.411490882,4.539124511,4.565385633,4.687860531,4.609190292,4.544226385,4.572251308,4.538423532,4.537620503,4.706844037,4.636343831,4.634039307,4.395091214,4.426717062,4.882467586,6.16204055,6.071125032,6.043429723,6.990009237,6.49238445,7.360064611,5.042754397,4.883613593,4.282846881,4.2608787,4.213408667,4.311068638,4.481584488,4.417275841,4.355130011,4.213924187,4.15454715,4.340946446,4.552992457,4.755062081,4.878012705,4.563363799,4.510963048,4.433470983,4.35590014,4.442273661,4.692844796,4.791303672,4.710649919,
Africa Eastern and Southern,AFE,Adjusted savings: education expenditure (current US$),NY.ADJ.AEDU.CD,,,,,,,,,,,,,,,,,,,,,,,,,,,,,,,,,,,,,,,,,,,,,,,,,,,,,,,,,,,,,,
Africa Eastern and Southern,AFE,Adjusted savings: energy depletion (% of GNI),NY.ADJ.DNGY.GN.ZS,,,,,,,,,,,,0.455606708,0.460837409,0.450508757,0.662109254,1.311258587,1.506831131,1.543897149,1.409606561,1.329740105,1.3064801,1.918541689,2.296107981,1.453669872,1.420050265,2.498449199,1.609198385,1.425071085,1.482435816,1.919979283,2.048726443,0.819695897,0.812005844,0.602495832,1.353159359,1.483745864,1.762611276,1.441336065,0.778007838,1.108511034,2.218406244,2.080630276,1.961712859,1.597175188,3.376157336,4.23584854,4.918403205,5.497703587,9.027473445,3.695322375,5.053540381,6.122881419,4.691365572,4.293833479,3.305096318,1.190359653,0.874585745,1.393502763,2.261819881,1.827370974,1.510984839,
Africa Eastern and Southern,AFE,Adjusted savings: energy depletion (current US$),NY.ADJ.DNGY.CD,,,,,,,,,,,,,,,,,,,,,,,,,,,,,,,,,,,,,,,,,,,,,,,,,,,,,,,,,,,,,,
Africa Eastern and Southern,AFE,Adjusted savings: gross savings (% of GNI),NY.ADJ.ICTR.GN.ZS,,,,,,,,,,,,,,,31.93993148,25.14266393,24.78248877,22.81036137,22.99459185,23.50958729,29.11314945,25.38163376,21.56690795,21.42880591,19.89705165,20.29191073,20.22444106,18.65184771,19.09418162,19.23838084,15.41010042,14.39288112,16.8586886,17.52732887,16.68983057,16.67724055,16.14952294,15.76365357,15.91446147,15.61989687,17.60678261,16.91766783,19.60628261,20.04973376,20.11873068,20.85808658,22.31510454,22.28249155,22.35967181,19.43549158,20.28857173,20.55861854,19.22653954,19.47651641,20.8332064,19.49465829,20.8845446,22.0517163,19.95632046,20.10681267,19.62568827,
Africa Eastern and Southern,AFE,Adjusted savings: mineral depletion (% of GNI),NY.ADJ.DMIN.GN.ZS,,,,,,,,,,,1.558386532,0.923273159,0.846959382,1.377593292,1.786953781,0.58573168,0.719793866,0.579162435,0.387778348,1.889703494,4.485283558,2.411511897,1.686589476,2.129333679,0.393148472,1.410107659,1.253713898,1.441778242,1.682013279,1.233239146,0.795415149,0.787831611,0.643955424,0.686024028,0.853148346,0.281974013,0.477727969,0.28990448,0.227346946,0.164370946,0.252457894,0.342549095,0.44802825,0.163529074,0.258383138,0.433430895,0.790899704,0.949960217,1.000277967,0.624134306,1.146287851,1.349839918,1.109485354,1.117673899,0.813845564,0.409690717,0.617552991,0.580924249,0.704693241,0.35193738,2.348081625,
Africa Eastern and Southern,AFE,Adjusted savings: mineral depletion (current US$),NY.ADJ.DMIN.CD,,,,,,,,,,,,,,,,,,,,,,,,,,,,,,,,,,,,,,,,,,,,,,,,,,,,,,,,,,,,,,
Africa Eastern and Southern,AFE,Adjusted savings: natural resources depletion (% of GNI),NY.ADJ.DRES.GN.ZS,,,,,,,,,,,,1.927365761,1.834685328,2.524414296,3.221173327,2.661425598,3.089566734,3.278264289,2.774285678,4.424101638,7.645957915,6.532197139,7.032728295,5.523161125,3.719711605,5.785419302,5.369569223,4.913142604,4.971197474,5.143892938,5.274131779,3.935943108,3.543911257,3.106305982,4.999479205,5.354630271,5.793776794,4.945139926,4.53129947,3.537919446,4.289615588,4.536705755,4.926689738,4.787893934,5.503070441,6.149592281,6.948272518,8.661572289,12.5486243,6.740707133,7.803138513,9.331955254,7.886101871,7.643317354,6.568869194,4.398621833,4.523663607,4.556418845,4.700512022,3.973560937,5.889478088,
Africa Eastern and Southern,AFE,Adjusted savings: net forest depletion (% of GNI),NY.ADJ.DFOR.GN.ZS,,,,,,,,,,,1.040480122,0.858879575,0.84506624,1.052830673,0.956253018,1.273035272,1.184435219,1.931226054,1.835737128,1.515721655,1.36958224,1.841801462,2.739862139,1.678740125,1.753068734,1.582073662,2.23341594,1.783822719,1.754813621,1.770197802,1.976854442,2.021379013,2.040579817,1.766814259,2.674619266,3.49683986,3.479855809,3.141934613,3.486086116,2.288381462,2.160956873,2.343530365,2.756715065,3.280459971,2.317788509,2.087238424,1.891395142,2.461052946,2.771834875,2.701368084,2.003045692,1.852155247,2.085250945,2.231809976,2.449927313,2.798571463,3.031524871,2.581991834,1.7339989,1.794252582,2.030411624,
Africa Eastern and Southern,AFE,Adjusted savings: net forest depletion (current US$),NY.ADJ.DFOR.CD,,,,,,,,,,,,,,,,,,,,,,,,,,,,,,,,,,,,,,,,,,,,,,,,,,,,,,,,,,,,,,
Africa Eastern and Southern,AFE,Adjusted savings: net national savings (% of GNI),NY.ADJ.NNAT.GN.ZS,,,,,,,,,,,,,,,21.44681105,13.4996633,12.50404266,10.29505142,9.950126412,10.40224224,16.67589142,13.23537492,8.772093433,8.086890762,7.110779882,7.745271631,6.940372844,5.21259147,5.809147394,6.547441211,2.981006195,2.233921359,3.568464005,4.863074608,4.156219099,4.179856799,3.709412244,3.481977376,3.216469075,2.743222731,4.893437996,4.514993348,7.404850068,7.703746376,8.232138845,9.301054916,10.74147844,10.73935522,10.46297165,7.390316999,8.306342119,8.182284587,6.453679963,6.907272548,8.360910487,7.133861447,8.788087737,10.07705954,7.67091034,7.717916438,7.172172446,
Africa Eastern and Southern,AFE,Adjusted savings: net national savings (current US$),NY.ADJ.NNAT.CD,,,,,,,,,,,,,,,,,,,,,,,,,,,,,,,,,,,,,,,,,,,,,,,,,,,,,,,,,,,,,,
Africa Eastern and Southern,AFE,Adjusted savings: particulate emission damage (% of GNI),NY.ADJ.DPEM.GN.ZS,,,,,,,,,,,,,,,,,,,,,,,,,,,,,,,3.208410522,3.279401036,2.339557067,2.161387099,2.180212863,1.97819135,1.778854177,1.768821328,1.804251793,1.743429919,1.780023144,1.715832547,1.687956995,1.528419187,1.404234492,1.344529606,1.306838936,1.263932147,1.2581241,1.214782064,1.135994763,1.111370599,1.101798622,1.127439352,1.081594968,1.071264882,1.03161548,0.997471318,0.858546924,0.858087405,0.890672962,
Africa Eastern and Southern,AFE,Adjusted savings: particulate emission damage (current US$),NY.ADJ.DPEM.CD,,,,,,,,,,,,,,,,,,,,,,,,,,,,,,,,,,,,,,,,,,,,,,,,,,,,,,,,,,,,,,
Africa Eastern and Southern,AFE,"Adolescent fertility rate (births per 1,000 women ages 15-19)",SP.ADO.TFRT,140.1205354,140.5945645,141.1281089,141.32344,141.5081601,141.6688964,141.8797044,141.9832254,142.0201678,142.010506,142.0334577,142.2797783,142.6293556,142.4697781,142.2904859,142.0539013,141.7306095,141.396423,140.7740868,140.1500943,139.5136931,138.8045542,138.0712441,137.0581425,136.0593395,135.0878502,134.1033813,133.152267,132.0121111,130.8690667,129.7174981,128.5621968,127.4003733,126.9698523,126.4953582,125.9727513,125.3986927,124.7720669,123.6573345,122.5605759,121.519841,120.546675,119.6458564,118.4469585,117.2880506,116.1466931,114.9874327,113.8271956,112.2014439,110.5309653,108.8135227,107.0526218,105.2561655,103.3914605,101.541782,99.71979866,97.91660103,96.14649227,94.69522337,93.23194363,91.74471235,
Africa Eastern and Southern,AFE,Adolescents out of school (% of lower secondary school age),SE.SEC.UNER.LO.ZS,,,,,,,,,,,,,,,,,,,,,,,,,,,,,,,,,,,,,,,,,,,,,,,,,,,,,,,,,,,,,,
Africa Eastern and Southern,AFE,"Adolescents out of school, female (% of female lower secondary school age)",SE.SEC.UNER.LO.FE.ZS,,,,,,,,,,,,,,,,,,,,,,,,,,,,,,,,,,,,,,,,,,,,,,,,,,,,,,,,,,,,,,
Africa Eastern and Southern,AFE,"Adolescents out of school, male (% of male lower secondary school age)",SE.SEC.UNER.LO.MA.ZS,,,,,,,,,,,,,,,,,,,,,,,,,,,,,,,,,,,,,,,,,,,,,,,,,,,,,,,,,,,,,,
Africa Eastern and Southern,AFE,Adults (ages 15+) and children (ages 0-14) newly infected with HIV,SH.HIV.INCD.TL,,,,,,,,,,,,,,,,,,,,,,,,,,,,,,,,,,,,,,,,,,,,,,,,,,,,,,,,,,,,,,
Africa Eastern and Southern,AFE,Adults (ages 15-49) newly infected with HIV,SH.HIV.INCD,,,,,,,,,,,,,,,,,,,,,,,,,,,,,,,,,,,,,,,,,,,,,,,,,,,,,,,,,,,,,,
Africa Eastern and Southern,AFE,Age dependency ratio (% of working-age population),SP.POP.DPND,88.05569442,89.00534973,89.75138955,90.30093003,90.63809389,90.76959393,91.51469248,91.92416795,92.11595302,92.20995867,92.25995949,92.88303833,93.35284548,93.67221011,93.82018695,93.80193912,94.26588739,94.48813403,94.56289936,94.57623482,94.55873967,95.06005598,95.37732484,95.51836784,95.4804842,95.27928305,95.61885459,95.70829841,95.58776567,95.27714607,94.78191439,94.61957719,94.22757397,93.66574815,93.0030389,92.27839029,92.19841581,91.99022178,91.67551356,91.25410494,90.7320608,90.62301902,90.35298154,89.98552388,89.59033862,89.19474481,89.08300797,88.89748391,88.63209463,88.26905642,87.80595942,87.44289135,86.93798576,86.32619238,85.64161849,84.90119928,84.2369211,83.49098954,82.6728476,81.78834707,80.84698646,79.98636793
Africa Eastern and Southern,AFE,"Age dependency ratio, old (% of working-age population)",SP.POP.DPND.OL,5.80595112,5.841214848,5.854826557,5.850969296,5.833746513,5.805963201,5.836684804,5.848291896,5.844122772,5.827580074,5.801470737,5.843896363,5.869945912,5.880419231,5.875231711,5.855507174,5.892205083,5.913320991,5.924551986,5.92998864,5.931065419,5.943163208,5.937910766,5.918429321,5.887204561,5.846371856,5.872020941,5.88213371,5.879503562,5.867159598,5.847689507,5.865993412,5.87116428,5.866483046,5.856569967,5.845101411,5.864873184,5.87172206,5.865169444,5.841921672,5.800438064,5.793074404,5.764721165,5.721663772,5.670354629,5.61460588,5.620000822,5.615974138,5.604161448,5.585900311,5.563035429,5.579811046,5.590018723,5.595845851,5.599316511,5.602250459,5.633472396,5.659006513,5.681026724,5.701516413,5.722296358,5.761120074
Africa Eastern and Southern,AFE,"Age dependency ratio, young (% of working-age population)",SP.POP.DPND.YG,82.04644253,82.9439146,83.6583285,84.19014642,84.52215222,84.6633863,85.37528432,85.77358381,85.97111046,86.08238782,86.15689361,86.73613318,87.17588849,87.47843291,87.62346443,87.61620114,88.03081869,88.21947029,88.27244286,88.27303141,88.25015645,88.74023133,89.06826177,89.23533444,89.23273419,89.07361366,89.39848809,89.48078533,89.36147563,89.06264754,88.58886017,88.39269726,87.97276778,87.38266646,86.68293465,85.91339288,85.75424533,85.47790652,85.10732051,84.64392807,84.09630671,83.92985586,83.62367224,83.23557437,82.83304087,82.44594328,82.29762871,82.10291782,81.85194311,81.51952568,81.09635164,80.74058999,80.24580301,79.64749529,78.98173417,78.2650081,77.58867855,76.84273298,76.03135105,75.15494373,74.2202602,73.34226281
Africa Eastern and Southern,AFE,Agricultural irrigated land (% of total agricultural land),AG.LND.IRIG.AG.ZS,,,,,,,,,,,,,,,,,,,,,,,,,,,,,,,,,,,,,,,,,,,,,,,,,,,,,,,,,,,,,,
Africa Eastern and Southern,AFE,Agricultural land (% of land area),AG.LND.AGRI.ZS,,43.67267864,43.64594771,43.6811243,43.65103151,43.62225066,43.64709566,43.65513134,43.68940597,43.74426177,43.82560251,43.95163145,43.99836958,44.00050149,44.01427694,44.04830557,44.06962472,44.07298659,44.162363,44.12808838,44.11693682,44.2072152,44.21049507,44.24558966,44.24526168,44.42221058,44.48485607,44.51330893,44.56070303,44.65098141,43.57026393,42.69926509,42.83910367,41.46971078,41.59208407,41.68707046,41.7979642,41.96002472,42.10699702,42.3440837,42.51680297,42.64234379,42.76429315,42.99738086,42.83393089,42.95943892,43.0774189,43.2027337,43.45888343,43.65218131,43.79919048,43.1717512,43.62191273,43.74768189,43.87793516,43.93715049,44.00568681,44.04262853,44.11797966,,,
Africa Eastern and Southern,AFE,Agricultural land (sq. km),AG.LND.AGRI.K2,,5326150,5322890,5327180,5323510,5320000,5323030,5324010,5328190,5334880,5344800,5360170,5365870,5366130,5367810,5371960,5374560,5374970,5385870,5381690,5380330,5391340,5391740,5396020,5395980,5417560,5425200,5428670,5434450,5445460,5313659.9,5207436.27,5224490.44,5057484.61,5072408.78,5083992.95,5097517.12,5117281.39,5135205.56,5164119.73,5185183.9,5200494.37,5215366.84,5243793.31,5279228.58,5294720.25,5309259.72,5324692.99,5356256.56,5380079.83,5398501.8,6392500.5,6459157.24,6477782.4,6497055.3,6505845.2,6515953,6521411.4,6532568.32,,,
Africa Eastern and Southern,AFE,"Agricultural machinery, tractors",AG.AGR.TRAC.NO,,169776,176648,180067,185072,191771,198700,206634,209857,218173,226485,225275,222500,221802,224191,226115,232623,233046,231107,231204,230369,232659,230916,229950,230212,229514,229172,219713,,,,,,,,,,,,,,,,,,,,,,,,,,,,,,,,,,
Africa Eastern and Southern,AFE,"Agricultural machinery, tractors per 100 sq. km of arable land",AG.LND.TRAC.ZS,,29.46272372,30.28509038,30.04423061,30.53413702,31.27719634,32.21624106,33.28603887,33.43600629,35.26816952,35.87520233,36.85965266,42.26745217,,,,,,,,,,,,,,,,,,,,,,,,,,,,,,,,,,,,,,,,,,,,,,,,,
Africa Eastern and Southern,AFE,Agricultural methane emissions (% of total),EN.ATM.METH.AG.ZS,,,,,,,,,,,,,,,,,,,,,,,,,,,,,,,70.01926618,69.0702826,68.74398883,67.55720073,66.98856364,67.05991767,66.63252732,66.38489849,67.3248357,67.06158134,66.68478479,66.14680207,65.68568673,64.88818104,64.05548194,64.04598605,62.46521461,63.01044544,62.6985711,,,,,,,,,,,,,
Africa Eastern and Southern,AFE,Agricultural methane emissions (thousand metric tons of CO2 equivalent),EN.ATM.METH.AG.KT.CE,,,,,,,,,,,,,,,,,,,,,,,,,,,,,,,232240,230410,234340,232190,235630,239710,239130,241940,256260,256520,254030,254630,269240,275420,277990,289090,283130,304150,315550,313850,325890,328810,333750,332110,332210,337620,341850,340800,342710,345800,,
Africa Eastern and Southern,AFE,Agricultural nitrous oxide emissions (% of total),EN.ATM.NOXE.AG.ZS,,,,,,,,,,,,,,,,,,,,,,,,,,,,,,,87.9678421,87.52608514,87.18106812,86.8889096,86.88861728,87.10745164,87.35857772,87.62729893,88.58837241,89.03763977,89.68469655,89.48294872,89.89122532,89.86200257,89.73220852,89.88300798,89.19718062,89.47303856,89.38865626,,,,,,,,,,,,,
Africa Eastern and Southern,AFE,Agricultural nitrous oxide emissions (thousand metric tons of CO2 equivalent),EN.ATM.NOXE.AG.KT.CE,,,,,,,,,,,,,,,,,,,,,,,,,,,,,,,176910,176240,178340,177520,179860,181760,181430,181620,192480,190050,188150,187070,200540,204790,206540,214590,207360,222120,228720,226690,236740,240760,242120,239650,239530,241780,245470,246650,246600,245350,,
Africa Eastern and Southern,AFE,Agricultural raw materials exports (% of merchandise exports),TX.VAL.AGRI.ZS.UN,,,,,,,,,,,,,,,7.939711617,,,,6.387101123,5.958820297,3.89124892,3.801952333,,,,,,,,,,,,,,,,6.594104158,,5.81812948,5.038409134,4.766147436,4.634601631,4.808925072,4.626173673,4.031004792,3.649128803,2.537563477,3.511928344,2.851582881,2.165606314,2.28483444,2.31970595,2.060577001,1.650935436,2.030829282,2.16618145,2.166799897,2.039493821,2.01773727,2.465059923,
Africa Eastern and Southern,AFE,Agricultural raw materials imports (% of merchandise imports),TM.VAL.AGRI.ZS.UN,,,,,,,,,,,,,,,,,2.875816173,3.105340529,2.73081691,,,,,,,1.946167856,,,,,,,,,,2.175274056,2.092641508,1.908765026,1.781657792,1.698948405,1.612504428,1.444570894,1.485252524,1.365051685,1.304564064,1.126490033,1.271199797,1.045742006,0.930137272,0.908917117,0.945633992,0.913636326,0.880163553,0.903474341,0.93205902,1.001373736,1.075163356,1.100754995,1.10677302,1.104998668,1.156267695,
Africa Eastern and Southern,AFE,"Agriculture, forestry, and fishing, value added (% of GDP)",NV.AGR.TOTL.ZS,,,,,,,,,,,,,,,,,,,,,,14.81883267,14.34160878,13.13172209,14.51994057,17.28252367,17.01227814,16.47836301,17.24683058,17.3011256,17.51778974,18.98340486,12.48476374,12.79147664,12.32453439,12.00206012,12.51506679,13.14806516,13.26722361,12.31479806,12.58111405,12.54029225,12.76786186,10.99704,9.84848956,9.779514781,10.02080699,10.96942602,12.22050637,12.64903846,11.23974971,10.51133982,11.4354141,11.59327473,12.52240722,13.56028122,13.72088673,13.44133034,12.08605517,12.70843028,14.6601477,13.28224033
Africa Eastern and Southern,AFE,"Agriculture, forestry, and fishing, value added (annual % growth)",NV.AGR.TOTL.KD.ZG,,,,,,,,,,,,,,,,,,,,,,,4.63958309,-2.404819647,-2.362835666,-2.860352324,8.259277352,6.650773488,-1.397096999,11.49842422,-4.535511637,1.351121616,0.08873715,5.852549558,-0.934082236,3.923298228,11.69416829,5.334404125,1.118076299,3.51087585,-1.059630059,5.303148877,0.647882828,2.684130167,0.591936269,4.958651903,5.464567133,1.304241479,3.741489677,2.495068399,4.064425473,2.819049721,0.091697481,3.842023421,5.234232782,3.507720455,2.601197275,3.826044975,2.100010893,1.404375392,3.205781608,4.496056675
Africa Eastern and Southern,AFE,"Agriculture, forestry, and fishing, value added (constant 2015 US$)",NV.AGR.TOTL.KD,,,,,,,,,,,,,,,,,,,,,,50136647944,52462779384,51201144158,49991345263,48561416657,52572238744,56068699261,55285365146,61642310964,58846516777,59641604786,59694529046,63188180942,62597951369,65053855685,72661363050,76537413798,77393160481,80110338262,79261465037,83464818530,84005572757,86260391677,86770998221,91073669975,96050451812,97303181645,1.01E+11,1.03E+11,1.08E+11,1.11E+11,1.11E+11,1.15E+11,1.21E+11,1.25E+11,1.29E+11,1.34E+11,1.36E+11,1.38E+11,1.43E+11,1.49E+11
Africa Eastern and Southern,AFE,"Agriculture, forestry, and fishing, value added (constant LCU)",NV.AGR.TOTL.KN,,,,,,,,,,,,,,,,,,,,,,,,,,,,,,,,,,,,,,,,,,,,,,,,,,,,,,,,,,,,,,
Africa Eastern and Southern,AFE,"Agriculture, forestry, and fishing, value added (current LCU)",NV.AGR.TOTL.CN,,,,,,,,,,,,,,,,,,,,,,,,,,,,,,,,,,,,,,,,,,,,,,,,,,,,,,,,,,,,,,
Africa Eastern and Southern,AFE,"Agriculture, forestry, and fishing, value added (current US$)",NV.AGR.TOTL.CD,,,,,,,,,,,,,,,,,,,,,,25842118916,23988680241,22969751651,23251356728,23555619704,25946836499,30673591085,35207653128,37636625060,44359255080,51901161448,29745628931,30255285600,29593683487,32361977372,33592152573,37101865940,35266150136,32285976864,35720981482,32456605503,33818211837,38781996749,43218500373,50091763234,57711973563,72527573227,86556249248,90973991434,96715612689,1.01E+11,1.11E+11,1.14E+11,1.26E+11,1.25E+11,1.21E+11,1.37E+11,1.20E+11,1.27E+11,1.35E+11,1.44E+11
Africa Eastern and Southern,AFE,"Agriculture, forestry, and fishing, value added per worker (constant 2015 US$)",NV.AGR.EMPL.KD,,,,,,,,,,,,,,,,,,,,,,,,,,,,,,,,773.4499748,728.6689533,750.5639861,725.3576691,716.9749679,769.7555589,771.0738878,758.0499799,769.6254062,739.279973,759.3408206,758.866375,735.842665,738.8361989,750.6759747,771.1249635,779.2392803,775.8267698,781.927143,803.8714588,853.1809554,871.3749638,872.9990331,913.6401422,929.8639418,930.560488,922.0813547,909.7219738,917.0187037,,
Africa Eastern and Southern,AFE,"Air transport, freight (million ton-km)",IS.AIR.GOOD.MT.K1,,,,,,,,,,,127.499998,138.8,150.5000026,213.0999978,261.3000076,270.8000022,304.2000042,326.200002,391.1000073,462.2000008,454.3999968,516.0999969,528.3000108,613.5999867,682.6999923,664.4999903,608.1000159,694.2000133,701.5999988,695.3000009,652.4999981,618.8000042,764.6000095,850.6999936,894.1000067,887.299995,968.199994,1093.299987,1150.799971,1392.600019,1442.264,1490.063,1373.718,1534.583,1713.396,1732.591,2118.846,1817.78,1678.541,1713.188,2052.237887,2138.537709,2485.776263,2642.201982,2722.613272,2739.366939,2870.646839,3607.123878,3526.787055,3732.431229,3297.129486,
Africa Eastern and Southern,AFE,"Air transport, passengers carried",IS.AIR.PSGR,,,,,,,,,,,3418300,3775300,4074500,4808000,5126100,5333100,6040400,5798900,6195600,7515200,8614600,9063100,9088900,8973900,9474400,9385300,8825600,9837400,10931600,11110800,11257400,10802900,10302700,11082400,11775500,12153400,13178400,13456500,13234700,14038500,14963609,14546112,14462573,15802323,17562611,20661751,22039609,23295972,23988552,23800085,30374164.94,33507824.27,35838679.01,35112457.82,36350758.95,39154692,41553429,45423814.08,52613964.08,54851421.29,19253142.76,
Africa Eastern and Southern,AFE,"Air transport, registered carrier departures worldwide",IS.AIR.DPRT,,,,,,,,,,,152300,160400,157100,155800,150400,173500,193500,161800,170300,188200,204800,211800,206700,208000,207500,211900,195400,203000,202200,220100,232100,227200,220400,233800,233400,212500,231500,259600,253900,268400,282913,288922,267907,289028,300359,321298,319498,359120,318638,327145,470912.3001,500629.9466,514462.2894,548834.772,534810.3035,556341,562927,630147,705127.4846,717795.3,298383.6809,
Africa Eastern and Southern,AFE,Alternative and nuclear energy (% of total energy use),EG.USE.COMM.CL.ZS,,,,,,,,,,,,0.726261328,1.057346285,1.056613517,1.365164295,1.417020844,1.528769811,1.663893928,1.558105053,1.560023301,1.393253993,1.394037047,1.317127749,1.26840839,1.802935132,2.05747756,2.700694849,2.105049523,2.799850637,2.943617672,2.08131031,2.18688419,2.233992227,1.836532866,2.100293545,2.224633505,2.292018161,2.349575296,2.451676645,2.321522546,2.459667233,2.288111672,2.509645382,2.604896344,2.593331594,2.408645873,2.403366374,2.393256157,2.43185664,2.420201049,2.50493514,2.624055059,2.558147021,2.763342867,2.584831092,,,,,,,
Africa Eastern and Southern,AFE,"Annual freshwater withdrawals, agriculture (% of total freshwater withdrawal)",ER.H2O.FWAG.ZS,,,,,,,,,,,,,57.51533742,,,,,67.65651682,,,,,81.1070524,,,,,95.03158468,,,,,83.50807278,,,,,80.49730634,,,,,80.96097107,,,,,80.20770375,,,,,84.51581976,,,,,83.31616244,,,,
Africa Eastern and Southern,AFE,"Annual freshwater withdrawals, domestic (% of total freshwater withdrawal)",ER.H2O.FWDM.ZS,,,,,,,,,,,,,33.46753579,,,,,23.83801972,,,,,13.1997494,,,,,3.501595644,,,,,11.41518772,,,,,14.67166185,,,,,14.58912469,,,,,15.409041,,,,,12.1244494,,,,,10.68999993,,,,
Africa Eastern and Southern,AFE,"Annual freshwater withdrawals, industry (% of total freshwater withdrawal)",ER.H2O.FWIN.ZS,,,,,,,,,,,,,9.017126789,,,,,8.505463459,,,,,5.693198198,,,,,1.295763204,,,,,5.077207894,,,,,4.831031816,,,,,4.450286425,,,,,4.382670985,,,,,3.359730843,,,,,5.993837629,,,,
Africa Eastern and Southern,AFE,"Annual freshwater withdrawals, total (% of internal resources)",ER.H2O.FWTL.ZS,,,,,,,,,,,,,,,,,,,,,,,,,,,,,,,,,,,,,,2.449429358,,,,,2.826257415,,,,,3.024678074,,,,,4.488966085,,,,,4.868366367,,,,
Africa Eastern and Southern,AFE,"Annual freshwater withdrawals, total (billion cubic meters)",ER.H2O.FWTL.K3,,,,,,,,,,,,,,,,,,,,,,,,,,,,,,,,,39.20855492,,,,,44.58678369,,,,,55.27374216,,,,,59.15345966,,,,,89.13168046,,,,,96.663994,,,,
Africa Eastern and Southern,AFE,"Annualized average growth rate in per capita real survey mean consumption or income, bottom 40% of population (%)",SI.SPR.PC40.ZG,,,,,,,,,,,,,,,,,,,,,,,,,,,,,,,,,,,,,,,,,,,,,,,,,,,,,,,,,,,,,,
Africa Eastern and Southern,AFE,"Annualized average growth rate in per capita real survey mean consumption or income, total population (%)",SI.SPR.PCAP.ZG,,,,,,,,,,,,,,,,,,,,,,,,,,,,,,,,,,,,,,,,,,,,,,,,,,,,,,,,,,,,,,
Africa Eastern and Southern,AFE,Antiretroviral therapy coverage (% of people living with HIV),SH.HIV.ARTC.ZS,,,,,,,,,,,,,,,,,,,,,,,,,,,,,,,,,,,,,,,,,0,0.099409842,0.393055206,0.679105818,1.766801818,3.522215362,6.16312821,10.32327005,14.65154742,18.95030258,24.30270976,29.8532903,36.16775573,41.7573105,47.94972724,53.0798615,58.75497329,64.29468864,67.64683693,73.02405425,77.07145838,
Africa Eastern and Southern,AFE,Antiretroviral therapy coverage for PMTCT (% of pregnant women living with HIV),SH.HIV.PMTC.ZS,,,,,,,,,,,,,,,,,,,,,,,,,,,,,,,,,,,,,,,,,0.138084642,0.485517575,1.595951009,4.007430438,8.644052586,18.13765698,27.07082516,40.65274318,52.59131291,62.05107296,47.75835459,64.51335245,75.59514732,82.7126341,85.69422071,87.33415871,87.48064069,87.44628197,89.03891452,90.1318885,90.52021371,
Africa Eastern and Southern,AFE,Aquaculture production (metric tons),ER.FSH.AQUA.MT,380,410,360,380,430,399,370,360,317,293,240,220,172,192,203,219,247,261,334,402,460,533,677,939,1605,2188,3204,4012,4776,7349,9727,11788,14842,15150,16882,17755,17666,22692,19730,22207,24349,28099,38364,45873,42220,47453.15,75908.7,97740.7,99535.84998,122165.0015,154328.2401,160086.5629,181634.5307,198789.8895,218317.7302,232683.831,236261.7837,247566.3708,227738.2671,,,
Africa Eastern and Southern,AFE,Arable land (% of land area),AG.LND.ARBL.ZS,,4.735556095,4.789181944,4.9149649,4.96908273,5.025414471,5.054441307,5.074776491,5.119054716,5.18702999,5.280178254,5.337165969,5.39300573,5.401205401,5.42342651,5.471640576,5.492467741,5.483694093,5.570528611,5.5383859,5.523380501,5.519772646,5.518788686,5.546011594,5.547323541,5.715252807,5.747969495,5.748789462,5.777160324,5.839477825,5.814058845,5.827014325,5.857189115,5.877196313,5.897039517,5.910404981,5.924508415,5.953289261,5.940661768,6.021674519,6.032334091,6.046716315,6.124416399,6.282424062,6.435511751,6.528305474,6.562550907,6.629740712,6.84299718,7.000948984,7.072272441,7.716099367,8.144944192,8.189016222,8.246971987,8.249165286,8.253303447,8.23118076,8.247616272,,,
Africa Eastern and Southern,AFE,Arable land (hectares per person),AG.LND.ARBL.HA.PC,,0.471601733,0.465027617,0.465180718,0.458305789,0.451581644,0.442427936,0.432615395,0.424886016,0.419029083,0.414995022,0.407945518,0.400748741,0.390096778,0.380652001,0.373171141,0.363969106,0.353057804,0.348446732,0.336571552,0.326104764,0.316636705,0.307608642,0.300348631,0.291822437,0.291970003,0.285075696,0.276749406,0.269961044,0.264935292,0.256210363,0.249507827,0.243786243,0.236124265,0.230558066,0.224976941,0.21964784,0.21504967,0.209138627,0.206624549,0.201755914,0.197120442,0.194593603,0.194535767,0.196230501,0.193919709,0.189860669,0.186771505,0.187680819,0.186895956,0.183741764,0.209161822,0.214854009,0.210197258,0.20598747,0.200518509,0.195263804,0.189571409,0.184952195,,,
Africa Eastern and Southern,AFE,Arable land (hectares),AG.LND.ARBL.HA,,,,,,,,,,,,,,,,,,,,,,,,,,,,,,,,,,,,,,,,,,,,,,,,,,,,,,,,,,,,,,
Africa Eastern and Southern,AFE,ARI treatment (% of children under 5 taken to a health provider),SH.STA.ARIC.ZS,,,,,,,,,,,,,,,,,,,,,,,,,,,,,,,,,,,,,,,,,41.1287066,,,,,,,,,,,,,,,,,51.52032082,,,,
Africa Eastern and Southern,AFE,Armed forces personnel (% of total labor force),MS.MIL.TOTL.TF.ZS,,,,,,,,,,,,,,,,,,,,,,,,,,,,,,,0.79304356,0.684382718,0.651850597,0.666003066,0.603040671,0.976743383,0.916921229,0.859682893,0.860040572,0.87299146,0.87940477,0.772061195,0.724170822,0.66803656,0.641376587,0.624111204,,0.589941117,0.579353548,0.572032054,0.615118661,0.685747414,0.667245021,0.638530076,0.62419721,0.600318165,0.533389881,0.508361553,0.504237992,0.489208118,,
Africa Eastern and Southern,AFE,"Armed forces personnel, total",MS.MIL.TOTL.P1,,,,,,,,,,,,,,,,,,,,,,,,,,732300,,,,912000,922000,814000,800000,850000,794000,1342300,1296000,1248390,1284350,1341150,1387500,1239200,1196200,1135900,1118650,1123450,,1116450,1124450,1147823,1287823,1474402,1475640,1456740,1467840,1458640,1336740,1314000,1343720,1344000,,
Africa Eastern and Southern,AFE,Arms exports (SIPRI trend indicator values),MS.MIL.XPRT.KD,27000000,33000000,,,,,,5000000,,14000000,2000000,4000000,12000000,1000000,2000000,18000000,16000000,,,,39000000,47000000,1000000,,,,,79000000,,,,,83000000,56000000,,,,,,,,,24000000,,,,,,,,,,,,,,,,,,,
Africa Eastern and Southern,AFE,Arms imports (SIPRI trend indicator values),MS.MIL.MPRT.KD,73000000,,289000000,575000000,414000000,473000000,732000000,418000000,274000000,432000000,1203000000,820000000,481000000,667000000,792000000,1344000000,1254000000,2131000000,2634000000,964000000,1247000000,1588000000,1423000000,1368000000,1172000000,1048000000,1565000000,1869000000,1253000000,297000000,270000000,218000000,,406000000,408000000,100000000,308000000,345000000,,,525000000,406000000,,,,615000000,980000000,1056000000,811000000,412000000,,1092000000,966000000,519000000,290000000,305000000,,,,,,
Africa Eastern and Southern,AFE,"Automated teller machines (ATMs) (per 100,000 adults)",FB.ATM.TOTL.P5,,,,,,,,,,,,,,,,,,,,,,,,,,,,,,,,,,,,,,,,,,,,,1.005,1.49,2.92,3.65,4.35,5.455,5.57,4.76,5.25,6.735,7.625,9.69,9.16,10.25,9.985,10.265,9.905,
